{
  "project_info": {
    "project_number": "371142761383",
    "firebase_url": "https://flutterbootcamp-265215.firebaseio.com",
    "project_id": "flutterbootcamp-265215",
    "storage_bucket": "flutterbootcamp-265215.appspot.com"
  },
  "client": [
    {
      "client_info": {
        "mobilesdk_app_id": "1:371142761383:android:0495777ad28b216aab3482",
        "android_client_info": {
          "package_name": "com.dev.gian"
        }
      },
      "oauth_client": [
        {
          "client_id": "371142761383-cb9as315u0o0bla2uqdfiom99njiipvb.apps.googleusercontent.com",
          "client_type": 3
        }
      ],
      "api_key": [
        {
          "current_key": "AIzaSyACZo3k1RR4A3vBJmlFmWHwLWqz26Jtzs0"
        }
      ],
      "services": {
        "appinvite_service": {
          "other_platform_oauth_client": [
            {
              "client_id": "371142761383-cb9as315u0o0bla2uqdfiom99njiipvb.apps.googleusercontent.com",
              "client_type": 3
            },
            {
              "client_id": "371142761383-4eju1n0pib5nqpvg30c6mkt7nhm9o6uv.apps.googleusercontent.com",
              "client_type": 2,
              "ios_info": {
                "bundle_id": "dev.gdifrancesco.diarybootcamp"
              }
            }
          ]
        }
      }
    },
    {
      "client_info": {
        "mobilesdk_app_id": "1:371142761383:android:b8391653e5a23261ab3482",
        "android_client_info": {
          "package_name": "com.flutterbootcamp.android"
        }
      },
      "oauth_client": [
        {
          "client_id": "371142761383-cb9as315u0o0bla2uqdfiom99njiipvb.apps.googleusercontent.com",
          "client_type": 3
        }
      ],
      "api_key": [
        {
          "current_key": "AIzaSyACZo3k1RR4A3vBJmlFmWHwLWqz26Jtzs0"
        }
      ],
      "services": {
        "appinvite_service": {
          "other_platform_oauth_client": [
            {
              "client_id": "371142761383-cb9as315u0o0bla2uqdfiom99njiipvb.apps.googleusercontent.com",
              "client_type": 3
            },
            {
              "client_id": "371142761383-4eju1n0pib5nqpvg30c6mkt7nhm9o6uv.apps.googleusercontent.com",
              "client_type": 2,
              "ios_info": {
                "bundle_id": "dev.gdifrancesco.diarybootcamp"
              }
            }
          ]
        }
      }
    },
    {
      "client_info": {
        "mobilesdk_app_id": "1:371142761383:android:e15bb4ba79770575ab3482",
        "android_client_info": {
          "package_name": "dev.gdifrancesco.diarybootcamp"
        }
      },
      "oauth_client": [
        {
          "client_id": "371142761383-cb9as315u0o0bla2uqdfiom99njiipvb.apps.googleusercontent.com",
          "client_type": 3
        }
      ],
      "api_key": [
        {
          "current_key": "AIzaSyACZo3k1RR4A3vBJmlFmWHwLWqz26Jtzs0"
        }
      ],
      "services": {
        "appinvite_service": {
          "other_platform_oauth_client": [
            {
              "client_id": "371142761383-cb9as315u0o0bla2uqdfiom99njiipvb.apps.googleusercontent.com",
              "client_type": 3
            },
            {
              "client_id": "371142761383-4eju1n0pib5nqpvg30c6mkt7nhm9o6uv.apps.googleusercontent.com",
              "client_type": 2,
              "ios_info": {
                "bundle_id": "dev.gdifrancesco.diarybootcamp"
              }
            }
          ]
        }
      }
    }
  ],
  "configuration_version": "1"
}